titulo,autores,anio,Línea prioritaria de investigación ECAP,tipo,estado,latitud,longitud,resumen,presupuesto
Actualización del balance hídrico del embalse Salve Faccha,John Satuquinga,2025,Manejo de embalses,Apoyo a investigacion,En curso,-0.230391,-78.154659,"El avance busca actualizar el balance hídrico del embalse Salve Faccha, en el Parque Nacional Cayambe-Coca, para reconocer los componentes que condicionan su disponibilidad de agua. Considera precipitación, entradas y salidas, evaporación, transpiración y cambios de almacenamiento mediante análisis de eventos y cálculos mensuales. Se espera obtener un balance actualizado que apoye la operación del embalse y la gestión del recurso hídrico.",
Actualización del modelo de distribución de recursos hídricos WEAP para la cuenca alta del río Guayllabamba y unidades hídricas aportantes de agua para el Distrito Metropolitano de Quito (DMQ),Alexander Bryan Rocha Villafuerte,2019,Hidrología,Apoyo a investigacion,En curso,-0.266817,-78.484937,"El proyecto propone actualizar el modelo WEAP para distribuir recursos hídricos en la cuenca alta del río Guayllabamba y las unidades que abastecen al Distrito Metropolitano de Quito. Prevé recopilar y depurar información hidrometeorológica, de oferta, demanda e infraestructura, e incorporar escenarios de disponibilidad. Los productos previstos son una estructura de modelación actualizada y simulaciones para analizar asignación, déficit y alternativas de manejo.",
Análisis de la variabilidad espacio-temporal de la precipitación y su relación con las proyecciones de cambio climático en las zonas Antisana-Papallacta,Cristina Aguirre,2026,Cambio climático y global,Apoyo a investigacion,En curso,-0.336482,-78.152731,"La investigación analiza la variabilidad espacial y temporal de la precipitación y los extremos climáticos en Antisana-Papallacta, y la contrasta con las series de SEI-WEAP. Procesó registros diarios de 2010 a 2024 de 26 estaciones FONAG-EPMAPS mediante control de calidad, pruebas de homogeneidad, índices de extremos y comparación entre Kriging e IDW. El documento disponible reporta 35 episodios de sequía, mejor desempeño de Kriging y baja concordancia local con WEAP, evidencias que sirven para recalibrar umbrales de gestión.",
Análisis de riesgo territorial en la cuenca Rumipamba mediante clasificación de cobertura y uso de suelo con UAV y SIG,Xavier Marcelo Mena Vela,2026,Análisis Socioeconómicos y Ambientales,Apoyo a investigacion,En curso,-0.1681645569,-78.5253708936,"El estudio analiza el riesgo territorial de la cuenca Rumipamba a partir de la cobertura y el uso del suelo. Combina levantamiento con UAV, procesamiento fotogramétrico, clasificación supervisada SVM, variables topográficas, hidrológicas y ambientales, e integración multicriterio mediante AHP. El documento disponible reporta cartografía de 0,20 m y un modelo que identifica sectores con distinta susceptibilidad, útil para planificación y prevención de impactos.",
"Análisis espacial del almacenamiento de carbono orgánico en las turberas altoandinas del humedal Jatunhuayco, Área de Conservación Hídrica Antisana, Ecuador",Gabriela Raquel Núñez Caiza,2026,Cambio climático y global,Apoyo a investigacion,En curso,-0.480461,-78.229146,"El trabajo evalúa el almacenamiento espacial de carbono orgánico en las turberas altoandinas del humedal Jatunhuayco, en el Área de Conservación Hídrica Antisana. Emplea muestreos georreferenciados de suelo, determinación de carbono orgánico y densidad aparente, y análisis cartográfico de su variación. El documento disponible reporta un almacenamiento medio de 232,48 Mg C ha⁻¹ en los primeros 20 cm y valores mayores en zonas más saturadas, como base para proteger y manejar el humedal.",
"Caracterización y análisis de la composición de isotopos estables en ecosistemas fuentes de agua, dentro de áreas de interés hídrico, desde las que se abastece el Distrito Metropolitano de Quito, gestionadas por el FONAG",Verónica Guamán (responsable FONAG/EPMAPS),2026,Hidrología,Apoyo a investigacion,En curso,-0.401728,-78.311662,"El perfil busca caracterizar la composición de isótopos estables del agua, deuterio y oxígeno-18, en ecosistemas fuente gestionados por FONAG que abastecen al Distrito Metropolitano de Quito. Prevén muestrear precipitación y caudales en Antisana y Alto Pita y comparar sus firmas isotópicas. Se esperan una línea base isotópica, relaciones entre lluvia y escorrentía, y evidencia para interpretar el origen y la dinámica del agua.",
"Determinación de la composición bacteriana del suelo y su relación con la sequía inducida, en el páramo del Volcán Antisana, Ecuador",Andrii Caisabanda Tyshkovskyi,2023,Ecología de páramo,Apoyo a investigacion,En curso,-0.495384,-78.205438,"La investigación examina cómo una sequía inducida modifica la composición bacteriana del suelo en el páramo del volcán Antisana. Excluyó lluvia en parcelas durante cinco meses y comparó parcelas intervenidas y control mediante humedad, variables fisicoquímicas y secuenciación 16S para diversidad alfa y beta. El documento disponible registra que la exclusión redujo significativamente la humedad, pero no confirmó cambios significativos en la composición bacteriana durante el experimento.",
Dinámicas metabólicas en ríos altoandinos bajo condiciones hidrológicas contrastantes,Paola Fuentes (responsable FONAG/EPMAPS),2026,Hidrología,Apoyo a investigacion,En curso,-0.394692,-78.323841,"La necesidad de investigación plantea describir las dinámicas metabólicas de ríos altoandinos bajo condiciones hidrológicas contrastantes en el Área de Conservación Hídrica Antisana. Usará registros de alta frecuencia de oxígeno disuelto y dióxido de carbono en siete estaciones, junto con variables hidrometeorológicas, para calcular métricas de producción y respiración fluvial. Se espera una caracterización de su variabilidad estacional y una base para el monitoreo ecológico de los ríos.",
"Diversidad funcional y patrones de actividad de mamíferos medianos y grandes en el Refugio de Vida Silvestre APH Ponce-Paluguillo, Pichincha-Ecuador",Rachell Nayomi Fonseca Vinueza,2024,Ecología de páramo,Apoyo a investigacion,En curso,-0.310089,-78.234808,"El estudio caracteriza la diversidad funcional y los patrones de actividad de mamíferos medianos y grandes en el Refugio de Vida Silvestre APH Ponce-Paluguillo. Emplea una red de cámaras trampa y analiza registros de presencia, actividad y hábitat por especie. El archivo disponible reporta 12 especies identificadas durante el monitoreo de 2020 a 2024, con el conejo andino como la más frecuente y registros continuos de perro doméstico; estos datos apoyan el seguimiento y la conservación del refugio.",
El legado de Humboldt en su viaje por Ecuador desde redes subterráneas: mapeo de comunidades de hongos micorrízicos,Jessica Duchicela,2025,Ecología de páramo,Apoyo a investigacion,En curso,-0.871322,-78.548681,"La nota conceptual propone mapear comunidades de hongos micorrízicos del suelo a lo largo de un gradiente altoandino entre Chimborazo, Antisana y Pichincha, siguiendo las rutas históricas de Humboldt. Prevén muestreo estandarizado de suelos por altitud y análisis de ADN de hongos micorrízicos arbusculares y ectomicorrízicos. Los productos esperados son mapas de distribución, una línea base de biodiversidad subterránea y evidencia para la conservación y restauración de ecosistemas altoandinos.",
Evaluación de la variabilidad espacio temporal del índice de calidad del agua (ISQA) de los ríos Antisana y Jatunhuayco ubicados en el páramo del Antisana pertenecientes al proyecto La Mica-Quito Sur en el año 2025,Roberto Antonio Tarabata Andrango,2025,Hidrología,Apoyo a investigacion,En curso,-0.483109,-78.230424,"El plan de titulación busca evaluar la variabilidad espacial y temporal del índice de calidad del agua ISQA en los ríos Antisana y Jatunhuayco, del sistema La Mica-Quito Sur, durante 2025. Propone campañas de tres meses para medir parámetros físicos y químicos, calcular el índice y comparar sitios y fechas. Se esperan valores de ISQA, un diagnóstico de variabilidad y una línea base para el seguimiento y manejo de estas fuentes de agua.",
Modelación de la dinámica térmica y del oxígeno disuelto en el embalse de Páramo Salve Faccha mediante CE-QUAL-W2,Ana Lizeth Juma Anrango; Camila Johanna Muñoz Arroba,2025,Manejo de embalses,Apoyo a investigacion,En curso,-0.230342,-78.152424,"El perfil plantea modelar la dinámica térmica y del oxígeno disuelto del embalse Salve Faccha con CE-QUAL-W2. Integrará información meteorológica, hidrológica, morfométrica y de calidad de agua, y prevé calibrar y validar el modelo con indicadores como RMSE, MAE y R². El producto esperado es una simulación de perfiles y variaciones espacio-temporales de temperatura y oxígeno para identificar condiciones críticas de gestión del embalse.",
"Modelización del balance hídrico en la cuenca hidrográfica Jatunhuayco de la laguna La Mica, a fin de establecer una propuesta de gestión integrada para la conservación hidrográfica",Erika Tatiana Guzmán Cuascota; Diego David Usiña Freire,2025,Hidrología,Apoyo a investigacion,En curso,-0.483445,-78.235714,"El avance propone modelar el balance hídrico de la cuenca Jatunhuayco y la laguna La Mica para sustentar una gestión integrada de conservación. Reunirá datos de precipitación, caudales, evapotranspiración, almacenamiento y cobertura, con análisis espacial y herramientas como Google Earth Engine. Se esperan estimaciones de disponibilidad y déficit, identificación de componentes críticos y una propuesta de manejo para conservar la función hidrográfica de la cuenca.",
Modelo hidrológico de validación de la representatividad de cobertura de estaciones hidrometeorológicas en las fuentes de abastecimiento del embalse La Mica-Quito Sur,Carlos Andrés Ramos Durán,2025,Hidrología,Apoyo a investigacion,En curso,-0.539739,-78.225229,"El plan propone validar si la cobertura de estaciones hidrometeorológicas representa adecuadamente las fuentes de abastecimiento del embalse La Mica-Quito Sur. Considera control y completado de series, análisis exploratorio, interpolación Kriging e IDW, y contraste con limnimetría y aforos de campo en Antisana y Jatunhuaycu. Se esperan mapas de representatividad, evaluación de incertidumbre y recomendaciones para mejorar la red y los insumos de modelación hidrológica.",
A kernel-based strategy to design Convolutional Neural Network Architecture for learning spatial and temporal representation of weather variables,Juan Fernando González Vergara,2021,Cambio climático y global,Apoyo a investigacion,Finalizado,-0.205461,-78.495872,"El artículo desarrolló una estrategia basada en kernels para diseñar arquitecturas de redes neuronales convolucionales que aprendan representaciones espaciales y temporales de variables meteorológicas. Usó datos de dos estaciones, análisis de correlación, PCA y RReliefF, y comparó SVM, CNN y LSTM en clasificación, regresión y pronóstico inmediato. RReliefF superó a PCA para seleccionar variables, aunque el conjunto completo estandarizado produjo los mejores desempeños de predicción.",
"Análisis de diferentes medios y condiciones de cultivo en la composición del fitoplancton, con énfasis en cianobacterias",Ana Gabriela Ortega Montero,2024,Ecología de páramo,Apoyo a investigacion,Finalizado,-0.181659,-78.484579,"El trabajo evaluó cómo diferentes medios y condiciones de cultivo modifican la composición del fitoplancton, con énfasis en cianobacterias. Ensayó BG11 y BG110 en presentaciones líquida, sólida y semisólida, bajo distintas condiciones de incubación, e identificó los géneros desarrollados. En BG11 sólido y semisólido se registraron 11 géneros, mientras que BG110, sin nitrógeno, no favoreció el crecimiento esperado; los resultados orientan el aislamiento y monitoreo del fitoplancton.",
Análisis de la concentración y distribución espacial de parámetros físicos en el embalse Salve Faccha,Edison Javier Jácome Alarcón; Karen Elisa Velásquez Moreta,2018,Manejo de embalses,Apoyo a investigacion,Finalizado,-0.2326333000,-78.1568000000,"El trabajo analizó la concentración y distribución espacial de parámetros físicos en el embalse Salve Faccha con registros de 2002 a 2016 y campañas de campo. Procesó temperatura, oxígeno disuelto, conductividad, sólidos, pH y turbidez mediante perfiles, isolíneas y representaciones tridimensionales. Identificó un comportamiento térmico cíclico, periodos de mayor calentamiento y estratificación, y condiciones de bajo oxígeno en profundidad asociadas al consumo de oxígeno.",
Análisis de las variaciones morfométricas y batimétricas del embalse La Mica para el período 2007-2018,Andrés Felipe Jordán Carrión; Dayanna Lissette López Armijos,2019,Manejo de embalses,Apoyo a investigacion,Finalizado,-0.544107,-78.227424,"El estudio comparó la morfometría y batimetría del embalse La Mica entre 2007 y 2018. Levantó datos de profundidad, generó mapas y curvas nivel-volumen, y contrastó los interpoladores vecino natural y TIN para representar el fondo. Actualizó los parámetros físicos del embalse y encontró errores medios cuadrados muy cercanos en ambos métodos, aportando información para la operación, el seguimiento y la evaluación trófica.",
Análisis in vitro del crecimiento de microalgas del fitoplancton en diferentes medios de cultivo y condiciones de incubación,Cecilia Coralía Núñez Alberca,2024,Ecología de páramo,Apoyo a investigacion,Finalizado,-0.180822,-78.482612,"El estudio analizó el crecimiento in vitro de microalgas del fitoplancton bajo diferentes medios y condiciones de incubación. Comparó BBM y Nitrofoska, fotoperiodos, rangos de pH y presencia de aireación, evaluando los taxones cultivados. El medio BBM, pH de 7 a 9, fotoperiodo 18:6 y aireación favorecieron el crecimiento, y se distinguieron microorganismos más resistentes para seleccionar condiciones de cultivo y apoyar el monitoreo de embalses.",
Análisis probabilístico de la variabilidad espacio-temporal del humedal Pugllohuma utilizando imágenes radar de apertura sintética de la misión Sentinel-1,Paul David Carchipulla Morales,2020,Ecología de páramo,Apoyo a investigacion,Finalizado,-0.5022230000,-78.2140270000,"El trabajo analizó la variabilidad espacio-temporal del humedal Pugllohuma mediante imágenes radar Sentinel-1 y modelos probabilísticos. Integró información SAR con variables topográficas y climáticas para estimar condiciones de saturación y evaluar sus controladores. La variación temporal se relacionó principalmente con el día del año, la temperatura y la precipitación, mientras la elevación explicó la distribución espacial; otras variables atmosféricas mejoraron la capacidad predictiva.",
Application of Neural Network Models and ANFIS for Water Level Forecasting of the Salve Faccha Dam in the Andean Zone in Northern Ecuador,Pablo Páliz Larrea; Xavier Zapata-Ríos; Lenin Campozano Parra,2021,Manejo de embalses,Apoyo a investigacion,Finalizado,-0.231683,-78.155398,"El artículo evaluó redes neuronales y ANFIS para pronosticar el nivel diario del embalse Salve Faccha. Probó horizontes de uno a seis días, selección de variables, retardos temporales y configuraciones de los modelos con datos hidrometeorológicos. La red neuronal mostró buen desempeño con hasta 13 retardos y menos de 30 nodos, mientras ANFIS obtuvo resultados comparables hasta cuatro días de anticipación.",
Calibración de sensores de humedad del suelo con validación de campo: calibración sensor de humedad de suelo M5028,Sebastián Ramiro Proaño Ordóñez,2024,Hidrología,Apoyo a investigacion,Finalizado,-0.4833090000,-78.3907140000,"El estudio calibró el sensor de humedad de suelo M5028 y validó su desempeño en campo. Caracterizó el suelo en laboratorio, relacionó contenido volumétrico de agua y permitividad eléctrica, y comparó la curva resultante con datos históricos de la estación. La ecuación de calibración concordó con las mediciones de laboratorio y campo, por lo que puede sustituir la ecuación de Topp, que subestimó el contenido volumétrico de agua en esa estación.",
Caracterización de parámetros morfológicos y germinativos de semillas de Calceolaria crenata Lam. en Bosques Andinos del Ecuador,Sophia Alejandra Polit Ramos,2025,Restauración de la cobertura vegetal,Apoyo a investigacion,Finalizado,-0.3068333333,-78.2322500000,"El estudio caracterizó parámetros morfológicos y germinativos de semillas de Calceolaria crenata recolectadas en el Área de Protección Hídrica Ponce Paluguillo. Midió atributos de frutos y semillas y aplicó pruebas de viabilidad con tetrazolio, desinfección y germinación in vitro. La viabilidad más alta alcanzó 94 %, y el tratamiento con ácido giberélico, 25 °C y fotoperiodo 16:8 logró 29,62 % de germinación, con insumos para conservación en banco de semillas.",
Caracterización de parámetros morfológicos y germinativos de semillas de Solanum colombianum Dunal en Bosques Andinos del Ecuador,Heidy Leonela Haro Pilco,2025,Restauración de la cobertura vegetal,Apoyo a investigacion,Finalizado,-0.3081540000,-78.2317350000,"El estudio caracterizó semillas de Solanum colombianum de bosques andinos del Ecuador para apoyar su conservación y propagación. Evaluó frutos y semillas con mediciones morfológicas, pruebas de viabilidad con tetrazolio, desinfección y ensayos de germinación in vitro. Documentó los atributos de las semillas y su respuesta a los tratamientos, generando una base para bancos de germoplasma, propagación y posteriores acciones de restauración.",
Caracterización de principios activos del género Hypochaeris mediante técnicas analíticas en Bosques Andinos del Ecuador,Louisana Del Pilar Paillacho Duque,2025,Ecología de páramo,Apoyo a investigacion,Finalizado,-0.3063512611,-78.2315623500,"El estudio caracterizó principios activos de Hypochaeris en bosques andinos del Ecuador a partir de raíces, hojas y flores de H. sessiliflora recolectada en Ponce Paluguillo. Aplicó maceración con distintos solventes, cromatografía en capa fina y reacciones colorimétricas. El etanol al 99,5 % mostró el mejor desempeño de extracción y se registraron bandas asociadas a diversos metabolitos; se recomiendan técnicas instrumentales complementarias para confirmar la identidad de los compuestos.",
Caracterización de principios activos del género Polylepis mediante técnicas analíticas en Bosques Andinos del Ecuador,Luis Esteban Cuichan Cuichan,2025,Ecología de páramo,Apoyo a investigacion,Finalizado,-0.308726,-78.232961,"El estudio caracterizó principios activos de Polylepis en bosques andinos a partir de material recolectado en Ponce Paluguillo. Realizó extracción por maceración y separación mediante cromatografía en capa fina, complementada con reveladores para reconocer grupos de metabolitos. El extracto etanólico produjo señales útiles para diferenciar compuestos y la cromatografía separó fracciones; se recomiendan análisis instrumentales posteriores para confirmar su identidad.",
Caracterización fenotípica de microalgas y cianobacterias del fitoplancton de los embalses Succus y Mogotes,Johana Elizabeth Tipanta Betancourt,2022,Manejo de embalses,Apoyo a investigacion,Finalizado,-0.258947,-78.149738,"El estudio caracterizó fenotípicamente el fitoplancton de los embalses Succus y Mogotes durante una temporada seca, ambos fuentes de agua para el Distrito Metropolitano de Quito. Realizó muestreos puntuales y estratificados, identificación microscópica y análisis de bioindicadores de estado trófico. Registró 30 taxones en Succus y 39 en Mogotes, dejando una línea base de biodiversidad y monitoreo; recomienda campañas de al menos seis meses para evaluar abundancia, dominancia y migración.",
"Caracterización fenotípica de microalgas y cianobacterias del perifiton de los ríos aportantes del embalse altoandino Mogotes (Parque Nacional Cayambe-Coca), Ecuador",Emilio Rafael Jarre Saltos,2022,Manejo de embalses,Apoyo a investigacion,Finalizado,-0.276449,-78.141773,"El trabajo caracterizó microalgas y cianobacterias del perifiton de ríos aportantes al embalse altoandino Mogotes, en el Parque Nacional Cayambe-Coca. Aplicó muestreo de perifiton, identificación microscópica y análisis de estos organismos como indicadores de condición trófica. Produjo un inventario de taxones y rasgos ecológicos asociados, útil como línea base para vigilar la calidad del agua, y recomienda ampliar el monitoreo temporal para captar la variabilidad de las comunidades.",
Caracterización fenotípica de microalgas y cianobacterias del perifiton de los ríos aportantes del embalse Succus,Kimberly Elizabeth Guapi Albán,2022,Manejo de embalses,Apoyo a investigacion,Finalizado,-0.243613,-78.160842,"El trabajo caracterizó microalgas y cianobacterias del perifiton de ríos aportantes al embalse Succus mediante muestreos y observación microscópica, relacionando los taxones con el estado trófico. Identificó rasgos funcionales de adhesión, producción de mucílago y fijación de nitrógeno; 53,85 % de los taxones presentó al menos una de estas adaptaciones. El estudio generó una línea base de bioindicadores y recomendó ampliar el monitoreo para interpretar la dinámica del embalse.",
Caracterización hidrogeológica con determinación de la conductividad hidráulica del humedal Pugllohuma,Myriam Nathaly Yugsi Zambrano,2018,Hidrogeología,Apoyo a investigacion,Finalizado,-0.5020345628,-78.2144601625,"El estudio caracterizó hidrogeológicamente el humedal Pugllohuma, en la Reserva Hídrica Antisana, y estimó su almacenamiento de agua y conductividad hidráulica. Integró datos de estaciones FONAG, EPMAPS e INAMHI, cartografía geológica, balance hídrico y ensayos de infiltración de doble anillo. Determinó una precipitación media anual de 752,6 mm, morfología casi plana y escurrimiento lento que favorece la infiltración, resultados que respaldan su conservación y restauración.",
"Caracterización hidrogeológica de las microcuencas 1, 2 y 3 de la unidad hídrica Jatunhuaycu",Henry Santiago Játiva Varela,2018,Hidrogeología,Apoyo a investigacion,Finalizado,-0.4666296808,-78.2318225486,"El estudio caracterizó hidrogeológicamente las microcuencas 1, 2 y 3 de la unidad hídrica Jatunhuaycu. Integró cartografía geológica, inventario de puntos de agua, datos meteorológicos e hidrológicos, análisis físico-químicos y balance hídrico para construir un modelo conceptual. Identificó zonas de recarga y descarga y estimó condiciones de funcionamiento de las microcuencas, generando una base técnica para su manejo y conservación.",
Caracterización hidrogeológica en el área de conservación hídrica Ponce Paluguillo,Hernán Michael Núñez Zambrano,2019,Hidrogeología,Apoyo a investigacion,Finalizado,-0.3432542589,-78.2174519969,"El estudio caracterizó la hidrogeología del Área de Conservación Hídrica Ponce Paluguillo mediante cartografía geológica y de permeabilidad, inventario de fuentes, análisis hidroquímicos y datos de precipitación. Elaboró un modelo conceptual para explicar la circulación, recarga y descarga en la subcuenca Carihuaycu. Identificó unidades geológicas y zonas funcionales de agua subterránea, aunque sus estimaciones son una referencia inicial por la escasez de ensayos y parámetros locales.",
Caracterización molecular de Polylepis racemosa Ruiz and Pav. y Polylepis incana Kunth. mediante marcadores moleculares en Bosques Andinos del Ecuador,Angie Vanessa Pinzón Ordóñez,2025,Ecología de páramo,Apoyo a investigacion,Finalizado,-0.3066666667,-78.2330555556,"El estudio caracterizó molecularmente Polylepis racemosa y P. incana mediante extracción de ADN, PCR y evaluación de los marcadores matK, ITS y rbcL. Comparó protocolos de extracción y tamaños de amplicones para definir su utilidad taxonómica. CTAB 2X proporcionó ADN de mayor pureza; matK mostró baja diferenciación entre especies, rbcL no amplificó e ITS estuvo condicionado por la poliploidía, por lo que se recomienda clonación y secuenciación de alelos.",
"Cuantificación de carbono en el suelo del Bosque Siempreverde y el Herbazal del Páramo del Área de Conservación Hídrica Paluguillo (Pifo, Pichincha)",Chaquira Camila Romoleroux Cajas,2019,Cambio climático y global,Apoyo a investigacion,Finalizado,-0.310334,-78.231302,"El estudio cuantificó carbono en suelos de herbazal de páramo y bosques de Polylepis pauta y P. incana del Área de Conservación Hídrica Paluguillo, Pifo. Determinó porcentaje de carbono, densidad aparente y densidad de carbono para establecer una línea base de reservas. Encontró diferencias significativas entre coberturas y mayor porcentaje de carbono en los primeros 20 cm del suelo, resultados que sustentan restauración, reforestación y conservación.",945
"De los páramos a la urbe: historia ambiental, fuentes de agua y gobernanza más que humana para la ciudad de Quito, Ecuador",Radamés Villagómez-Reséndiz,2025,Análisis Socioeconómicos y Ambientales,Apoyo a investigacion,Finalizado,-0.180734,-78.467926,"El artículo reconstruyó la transición de las políticas de agua de Quito desde antecedentes coloniales y republicanos, la hidráulica municipal y la gestión integrada, hasta formas recientes de gobernanza ambiental. Mediante análisis de discursos, corpus legales e historia ambiental de larga duración, examinó las relaciones entre infraestructura, agua y páramo en la hoya de Guayllabamba. Concluyó que FONAG articula conservación hídrica y ambiental y constituye un referente de política pública y gobernanza.",
Desarrollo de una metodología para la evaluación de saturación del humedal Pugllohuma mediante el uso de UAVs,Gabriela Alejandra Espinel Enríquez,2019,Ecología de páramo,Apoyo a investigacion,Finalizado,-0.5010939673,-78.2131328170,"El estudio desarrolló una metodología para evaluar la saturación del humedal Pugllohuma mediante vehículos aéreos no tripulados. Generó un modelo de microtopografía a partir de 2.950 imágenes de un UAV de ala fija, con resolución aproximada de 6 cm, y lo contrastó con información de campo y satelital. Estimó un área de 174.330 m² y una pendiente media de 3,3 %, y dejó un procedimiento reproducible para monitorear condiciones de saturación.",
Determinación de zonas de amenaza de inundación en caso de falla de una presa de gravedad de hormigón mediante análisis probabilístico y modelación hidrológica e hidráulica. Caso de estudio: Presa Rumilona ubicada en la ciudad de Quito,Diana Guerra; Jairo Tapia,2025,Manejo de embalses,Apoyo a investigacion,Finalizado,-0.160183,-78.524283,"El estudio delimitó zonas de amenaza por inundación ante una falla de la presa de gravedad Rumilona, en Quito. Combinó análisis probabilístico de lluvias con periodos de retorno, modelación hidrológica HEC-HMS y simulación hidráulica de rotura con HEC-RAS y McBreach. Los escenarios generaron caudales pico superiores a 300 m³/s y mostraron alta exposición de áreas urbanas cercanas a la presa, información útil para gestión del riesgo y planes de emergencia.",
Establecimiento in vitro de Draba obovata Benth. con miras a procesos de restauración ecológica en el Área de Conservación Hídrica Antisana,Andrea Estefanía Cañadas Rivadeneira,2022,Restauración de la cobertura vegetal,Apoyo a investigacion,Finalizado,-0.4813888889,-78.1408333333,"El estudio estableció un protocolo in vitro para Draba obovata orientado a la restauración ecológica en el Área de Conservación Hídrica Antisana. Probó tratamientos de desinfección, germinación y regulación de crecimiento en medio MS. El uso de detergente al 2 %, etanol al 70 % e hipoclorito de sodio al 2,5 % evitó contaminación y oxidación; el medio MS con sacarosa logró 86,67 % de germinación y BAP más AIA promovió la mayor proliferación de brotes.",
Establecimiento in vitro de Werneria nubigena Kunth con miras a procesos de restauración ecológica en el Área de Conservación Hídrica Antisana,Karol Denisse Balseca Campaña,2022,Restauración de la cobertura vegetal,Apoyo a investigacion,Finalizado,-0.4817368783,-78.2325740712,"El trabajo desarrolló un protocolo de establecimiento in vitro de Werneria nubigena con fines de restauración ecológica en el Área de Conservación Hídrica Antisana. Evaluó desinfección, germinación y medios de cultivo a partir de semillas. El tratamiento con detergente al 2 %, etanol al 75 % y cloro al 6 % logró ausencia de contaminación y 50 % de germinación; la remoción de la testa y el medio MS suplementado con AG3 mejoraron la respuesta germinativa.",
Estimación del impacto de los incendios en las propiedades físico-químicas e hidrológicas del suelo de páramo mediante trabajo experimental,Jefferson Armando Avellaneda Espinel,2021,Ecología de páramo,Apoyo a investigacion,Finalizado,-0.3412841552,-78.6179926875,"El estudio estimó los efectos del fuego sobre propiedades físico-químicas e hidrológicas de suelos de páramo mediante experimentos con bloques de suelo y comparación entre muestras quemadas y no quemadas. Midió humedad, temperatura, escorrentía, percolación, nutrientes y balance hídrico en el contexto del incendio de 2018 en el cerro Atacazo. La quema experimental no varió el contenido volumétrico de agua durante el evento y el balance de la muestra quemada mostró predominio de escorrentía.",4711.73
Estudio de la diversidad genética de Polylepis racemosa Ruiz & Pav. y Polylepis incana Kunth. mediante marcadores moleculares en Bosques Andinos del Ecuador,Lisbeth Elizabeth Cuenca Chasi,2025,Ecología de páramo,Apoyo a investigacion,Finalizado,-0.3055555556,-78.2316666667,"El trabajo estudió la diversidad genética de Polylepis racemosa y P. incana en bosques andinos del Ecuador mediante extracción de ADN, PCR con marcadores ISSR y análisis de agrupamiento, coordenadas principales y AMOVA. El protocolo CTAB modificado permitió obtener ADN de calidad. Se registró 73,87 % de bandas polimórficas y tres agrupaciones genéticas, con alta diferenciación y bajo flujo génico, resultados útiles para orientar la conservación de las poblaciones.",
Estudio de la evolución del nivel de trofía del embalse Mogotes (1997-2018),Jhonatan Gustavo Cevallos Rodríguez; Cristina Vanessa Pozo Landa,2020,Manejo de embalses,Apoyo a investigacion,Finalizado,-0.2750565557,-78.1394944788,"El estudio examinó la evolución del nivel de trofía del embalse Mogotes entre 1997 y 2018. Actualizó la batimetría mediante transectos y mediciones con RiverSurveyor M9, y contrastó información histórica y actual de clorofila, nutrientes, turbidez y variables fisicoquímicas. Integró estos indicadores para describir el estado trófico y su cambio temporal, dejando una referencia para el monitoreo del embalse altoandino.",
Evaluación de la concentración y distribución espacial de nutrientes en el embalse La Mica,Juan Gabriel Enríquez Guerrero; Máximo Israel Poma Quijije,2019,Manejo de embalses,Apoyo a investigacion,Finalizado,-0.5430748283,-78.2259230203,"El trabajo evaluó la concentración y distribución de nitrito, nitrato, nitrógeno amoniacal y ortofosfato en el embalse La Mica. Integró registros de 1997 a 2016 con muestreos de campo, perfiles verticales e isolíneas para analizar cambios estacionales y espaciales. Encontró variación de nutrientes según época y ubicación, con mayores concentraciones de varios parámetros entre mayo y julio, y generó una base de comparación para el monitoreo de calidad y estado trófico.",
Evaluación de la concentración y distribución espacial de nutrientes en el embalse Salve Faccha,Adrián Alejandro Anchundia Samaniego; Katerinne Micaela Vergara Estrada,2018,Manejo de embalses,Apoyo a investigacion,Finalizado,-0.2290646358,-78.1541545018,"El estudio evaluó nutrientes en el embalse Salve Faccha mediante registros históricos de 2002 a 2016, mediciones de campo y perfiles verticales de nitrito, nitrato, nitrógeno amoniacal y ortofosfato. Elaboró isolíneas y mapas para comparar la variación temporal y espacial. Identificó zonas de mayor concentración y episodios inusuales en la serie, proporcionando una base para seguir la calidad del agua y los procesos de enriquecimiento de nutrientes del embalse.",
Evaluación de la eficiencia de tres activadores biológicos aplicados a pilas de compostaje ubicadas en la comunidad de San Francisco de Cruz Loma,Gianni Carolina Défaz Visuete; Henry Alejandro Gualoto Simbaña,2020,Análisis Socioeconómicos y Ambientales,Apoyo a investigacion,Finalizado,-0.1823417901,-78.5375824471,"El estudio evaluó tres activadores biológicos aplicados a pilas de compostaje en la comunidad de San Francisco de Cruz Loma. Comparó suero, fermento de alfalfa y microorganismos eficientes autóctonos con controles, y monitoreó temperatura, pH, humedad y madurez en 12 pilas. El seguimiento permitió contrastar la eficiencia de los tratamientos y registró compost maduro a las 15 semanas, aportando una alternativa de aprovechamiento de residuos orgánicos comunitarios.",
"Evaluación de la ocupación de hábitat y comportamiento del oso andino (Tremarctos ornatus) en el Refugio de Vida Silvestre APH Ponce Paluguillo, Pichincha-Ecuador entre los años 2022 y 2024",Lenin Fernando Urrutia Merchan,2025,Ecología de páramo,Apoyo a investigacion,Finalizado,-0.3065877810,-78.2325152344,"El estudio evaluó la ocupación de hábitat y el comportamiento del oso andino en el Refugio de Vida Silvestre APH Ponce Paluguillo entre 2022 y 2024. Instaló 13 estaciones de cámaras trampa en cinco ecosistemas de páramo y analizó visitas, actividad y ocupación con modelos de una temporada y SIG. Registró diferencias de comportamiento por sexo y mayor frecuencia de visitas en Faccha y Niguanchi, aportando insumos para la conectividad y conservación.",
Evaluación de la variación de la calidad del agua en la cuenca alta del río Pita,Marcelo Fernando Amores Palma,2019,Hidrología,Apoyo a investigacion,Finalizado,-0.6199389130,-78.3815330830,"El trabajo evaluó la variación de la calidad del agua en la cuenca alta del río Pita a partir de 19 años de registros, cinco estaciones de monitoreo y el índice canadiense CCME. Analizó las relaciones espacio-temporales entre calidad y cantidad de agua en los sectores alto, medio y bajo. Los resultados mostraron mejor condición en la cabecera, deterioro en el tramo medio y recuperación parcial aguas abajo, evidenciando la influencia de los usos y presiones de la cuenca.",
"Evaluación del estado del humedal Pugllohuma, perteneciente al Área de Conservación Hídrica Antisana (ACHA), mediante el análisis de índices espectrales de imágenes capturadas desde una aeronave no tripulada (UAV)",Kevin Alejandro Palma Castro,2020,Ecología de páramo,Apoyo a investigacion,Finalizado,-0.500285,-78.216706,"El estudio evaluó el estado del humedal Pugllohuma, en el Área de Conservación Hídrica Antisana, mediante topografía e índices espectrales obtenidos con UAV. Planificó vuelos con sensores RGB y multiespectral, generó productos fotogramétricos y mapas de agua para caracterizar aproximadamente 25 ha. Identificó zonas bajas con alta capacidad de acumulación y vegetación circundante húmeda y en buen estado, y propuso validar y extender la metodología en otras épocas y humedales andinos.",
Evaluación del impacto de los hongos micorrícicos arbusculares (AM) autóctonos y exógenos en el desarrollo de plantas de Polylepis incana Kunth,Karen Yesenia Suntaxi Cruz,2025,Restauración de la cobertura vegetal,Apoyo a investigacion,Finalizado,-0.3067120000,-78.2321870000,"El estudio evaluó el efecto de hongos micorrícicos arbusculares autóctonos y exógenos sobre plántulas de Polylepis incana en la Reserva Hídrica Ponce Paluguillo. Comparó tratamientos con ambos inóculos y sin micorrizas, midiendo biomasa, longitud, esporas y colonización con pruebas ANOVA y Kruskal-Wallis. El tratamiento exógeno aumentó significativamente las esporas de 7,17 a 9,70 por gramo de suelo, mostrando mayor capacidad de propagación que el autóctono en el periodo evaluado.",
Exploración del producto satelital de precipitación IMERG V06 como insumo para la hidrología: determinación de curvas intensidad-duración-frecuencia (IDF) sub-diaria y diaria,Luis Marcelo Vargas Domínguez,2023,Hidrología,Apoyo a investigacion,Finalizado,-0.181394,-78.472193,"El trabajo evaluó el producto satelital IMERG V06 para construir curvas intensidad-duración-frecuencia subdiarias y diarias entre 2000 y 2021. Comparó series de 30 minutos y resolución 0,1° con estaciones del Distrito Metropolitano de Quito y otras regiones, aplicando análisis de extremos y ajuste probabilístico. El desempeño dependió de las condiciones fisiográficas y climáticas: IMERG tendió a subestimar intensidades cortas y a sobreestimarlas en duraciones largas, lo que limita su uso directo en diseño hidrológico.",
Impacto de la práctica del enduro en las propiedades hidrofísicas del suelo en el páramo de la cuenca alta del río Cinto,Valeria Alegría Cadena de la Espriella; Lizeth Alejandra Yánez Catota,2019,Ecología de páramo,Apoyo a investigacion,Finalizado,-0.1775534047,-78.5542830863,"El estudio evaluó el impacto del enduro en las propiedades hidrofísicas del suelo de páramo en la cuenca alta del río Cinto. Comparó zonas intervenidas y no intervenidas mediante densidad aparente, porosidad, conductividad hidráulica y retención de agua. Los resultados evidenciaron compactación en las áreas afectadas, con disminución de microporos, capacidad de retención y conductividad, y aumento de densidad aparente; estos cambios favorecen la escorrentía y la erosión.",750
"Impacto de los incendios en las propiedades hidrofísicas y químicas del suelo, volcán Atacazo",Michelle Gabriela Quintana Buitrón,2021,Ecología de páramo,Apoyo a investigacion,Finalizado,-0.3445240000,-78.6174400000,"El estudio cuantificó el impacto del incendio de septiembre de 2018 sobre las propiedades hidrofísicas y químicas de suelos de páramo del volcán Atacazo. Comparó microcuencas quemada y no quemada, dos profundidades, coberturas de pajonal y almohadilla, y un gradiente altitudinal mediante ensayos de laboratorio y campo. Detectó diferencias significativas en varios parámetros, especialmente en las partes alta y media del gradiente, y aportó una base espacial para evaluar afectación por incendios.",
Lateral Transport of Carbon due to Soil Erosion by Rainfall Simulation in the Northern Páramos of Ecuador,Rommel Patricio Arboleda Ruales,2019,Cambio climático y global,Apoyo a investigacion,Finalizado,-0.397425,-78.252671,"La tesis evaluó el transporte lateral de carbono y la erosión del suelo bajo lluvia simulada en páramos del norte del Ecuador. Comparó usos y alteraciones del suelo, incluidos pajonal, agricultura, barbecho, pastizal, extracción de suelo y zonas afectadas por oleoducto, con una intensidad media de lluvia de 10,5 mm/h. Identificó como prioritarias para monitoreo y restauración las áreas con minería de suelo, remoción por oleoducto y pastoreo por su mayor vulnerabilidad a degradación y erosión.",2690
"Micropropagación in vitro de Astragalus geminiflorus, una especie adaptada a zonas con degradación de suelo y endémica del Ecuador",Juan José Herrera Montenegro,2019,Restauración de la cobertura vegetal,Apoyo a investigacion,Finalizado,-0.480548,-78.230810,"El trabajo desarrolló un esquema de micropropagación in vitro de Astragalus geminiflorus, especie endémica adaptada a suelos degradados. Comparó explantes de campo y semillas, tratamientos de desinfección, medios de cultivo, enraizamiento y sustratos de aclimatación. Las semillas resultaron el material inicial más apropiado y la desinfección con hipoclorito de sodio al 1 % redujo la contaminación de explantes; el protocolo aporta insumos para multiplicación y restauración de poblaciones.",1600
Participatory management: Guayllabamba case study,Claudia Prehn Garcés,2019,Análisis Socioeconómicos y Ambientales,Apoyo a investigacion,Finalizado,-0.250818,-78.474326,"El estudio de caso analizó la gestión participativa del agua en la cuenca Guayllabamba, con atención a las interacciones y perspectivas de instituciones públicas, ONG y asociaciones de usuarios. Aplicó un diseño mixto emergente con entrevistas, encuesta y observación directa. Identificó fricciones asociadas a cambios institucionales y a planes percibidos como técnicos y abstractos, y mostró la importancia del diálogo entre actores para hacer más práctica la gestión del agua.",
"Respuesta hídrica de suelos de páramo bajo diferentes niveles de degradación, estudio de caso a escala de parcela",Luis Enrique Quinteros Maldonado,2017,Hidrología,Apoyo a investigacion,Finalizado,-0.4822432304,-78.2333009645,"El trabajo analizó la respuesta hídrica de suelos de páramo bajo distintos niveles de degradación en la unidad Jatunhuaycu, al oeste del nevado Antisana. Consideró un arenal de 21 ha asociado a pastoreo ovino y combinó mediciones de propiedades hidrofísicas, monitoreo de lluvia y análisis de erosión a escala de parcela. La conductividad hidráulica saturada varió entre niveles de degradación y mostró infiltración rápida en varios escenarios, información relevante para interpretar la pérdida de regulación y el aporte de sedimentos.",
Simulación de la hidrología de la cuenca Humboldt del volcán Antisana,Jean Carlos Ruiz Hernández,2015,Hidrología,Apoyo a investigacion,Finalizado,-0.5204099162,-78.2235902767,"El trabajo simuló la hidrología de la cuenca Humboldt del volcán Antisana sin considerar el aporte glaciar. Implementó el modelo físico DHSVM con modelo digital de elevación, cobertura vegetal, tipo y espesor de suelo, red de drenaje y datos meteorológicos, y calibró y validó caudales observados. Validó la representación del caudal base y de la respuesta a lluvias, y propuso parámetros de suelo y vegetación para investigaciones futuras, aunque reconoce limitaciones de datos meteorológicos multianuales.",
"Sounds of Regeneration: Structural and Bioacoustic Characteristics of Paramo, Primary Forest, and Secondary Forest in the High Elevation Tropical Andes",Alyssa Killingsworth,2025,Ecología de páramo,Apoyo a investigacion,Finalizado,-0.517583,-78.235406,"El proyecto comparó características estructurales y bioacústicas de páramo, bosque primario y bosque secundario en los Andes tropicales de gran altitud. Realizó transectos de vegetación y registró sonidos con unidades autónomas, incorporando cobertura, pendiente, temperatura y humedad en los análisis estadísticos. Encontró diferencias estructurales entre coberturas y relaciones entre actividad sonora y condiciones del hábitat; recomienda ampliar el muestreo para precisar patrones de regeneración.",
Wetland monitoring technification for the Ecuadorian Andean region based on a multi-agent framework,Esteban Valencia; Iván Changoluisa; Kevin Palma; Patricio Cruz; Deyanira Valencia; Paul Ayala; Victor Hidalgo; Diego Quisi; Nelson Jara; Diana Puga,2022,Ecología de páramo,Apoyo a investigacion,Finalizado,-0.502555,-78.212197,"El artículo desarrolló y validó un marco multiagente de monitoreo de humedales altoandinos que combina mediciones de campo, imágenes satelitales y ortomosaicos de UAV. Lo aplicó en el humedal Pugllohuma, Área de Conservación Hídrica Antisana, mediante procesamiento RGB, índices multiespectrales y análisis topográfico. El esquema RGB estimó 36 % de área saturada, cercano al 39,27 % de la referencia multiespectral, y ofrece una alternativa de bajo costo para monitoreo periódico y escalable.",
Caracterización morfológica y molecular del agente causal de la pudrición radicular de pajonal (Calamagrostis fibrovaginata),Kevin Sebastian Bejarano Coronel,2026,Ecología de páramo,Becas,En curso,-0.4991166667,-78.2182516667,"La investigación caracteriza el agente asociado a la pudrición radicular de Calamagrostis fibrovaginata en el páramo de Antisana. Trabaja con aislamientos de plantas afectadas, cultivos en PDA, microscopía, amplificación de ITS, β-tubulina y TEF1-α, filogenia de máxima verosimilitud y ensayos de patogenicidad. El documento disponible identifica el aislado dentro del complejo Fusarium sambucinum y reporta que indujo síntomas de pudrición y marchitez en condiciones controladas; la delimitación a nivel de especie requiere marcadores adicionales.",
Diseño de la cadena de valor para el vivero de Yunguilla y Cruz Loma adaptada a los distintos métodos de propagación empleados en su producción para optimizar procesos y recursos,Xiomara Milena Yepez Franco,2026,Economía Ecológica y Economía Ambiental,Becas,En curso,-0.182913,-78.567421,"El estudio analiza la cadena de valor de plantas nativas en los viveros comunitarios Las Tolas y San Francisco de Cruz Loma. Con un diseño mixto, observacional y transversal para datos de 2025, integra entrevistas, observación, registros administrativos, mapeo de flujos, cálculo de costos y comparación con un vivero comercial. El documento disponible identifica dependencia de un solo comprador y precios de venta de 0,50 USD inferiores al precio mínimo viable estimado de 0,71 a 0,88 USD por planta, y propone acciones 5W2H y B2B para fortalecer la sostenibilidad.",
Análisis comparativo del estado ecológico de la vegetación acuática en dos humedales altoandinos del volcán Antisana,Maria Gracia Portilla Rivadeneira,2019,Ecología de páramo,Becas,Finalizado,-0.489631,-78.216805,"El estudio comparó el estado ecológico de la vegetación acuática en los humedales Patugllana y Pugllohuma, al pie del volcán Antisana, durante las épocas lluviosa y seca de 2018–2019. Identificó plantas acuáticas y algas filamentosas y relacionó su composición con parámetros físico-químicos, nutrientes, hierro y sulfatos. Registró 17 especies de plantas y ocho géneros de algas; Patugllana tuvo mayor riqueza y Pugllohuma mayor cobertura de algas filamentosas, y ambos humedales cambiaron fuertemente en época seca.",1496.5
Análisis de la calidad de agua en las áreas de conservación hídrica del FONAG para la evaluación de la eficacia de las estrategias de protección y conservación hídrica,Michelle Jazmín Parra Pedraza,2020,Análisis Socioeconómicos y Ambientales,Becas,Finalizado,-0.509635,-78.273149,"El estudio analizó la calidad del agua y la integridad ecológica de ríos de las Áreas de Conservación Hídrica Alto Pita, Antisana y Ponce Paluguillo para evaluar estrategias de FONAG entre 2014 y 2019. Comparó sitios gestionados y controles con parámetros físico-químicos, microbiológicos, biológicos y de hábitat, incluidos ICA, TSI, EPT, ABI y ASPT-E. Los ríos dentro de las áreas manejadas mostraron mejor calidad y menores fósforo total, fosfatos, DBO5 y coliformes fecales que los controles, evidencia compatible con efectos positivos de reducir presión ganadera y recuperar cobertura vegetal.",2000
Análisis de la concentración y distribución de parámetros físico químicos del embalse Salve Faccha,Andrea Estefania Llumiquinga Suntaxi,2022,Manejo de embalses,Becas,Finalizado,-0.365180,-78.172931,"El estudio analizó la concentración y distribución de parámetros físico-químicos en el embalse Salve Faccha, reservorio altoandino que aporta agua al abastecimiento de Quito. Combinó datos históricos, una hidroboya multiparamétrica y muestreos mensuales, con climogramas Walter-Lieth, rosas de viento, mapas de calor e isolíneas verticales. Identificó estratificaciones térmicas leves a 2,75 y 7,50 m y químicas entre 5 y 10 m en la época relativamente seca, influenciadas por el viento, sin anoxia ni estratificación marcada.",
Análisis de la concentración y distribución espacial de parámetros físicos en el embalse La Mica,Andrea Paulina López Cando; Andrés Vinicio Yar Hernández,2019,Manejo de embalses,Becas,Finalizado,-0.5430748283,-78.2259230203,"El estudio analizó la distribución temporal y espacial de parámetros físicos en el embalse La Mica, Napo, con registros históricos de EPMAPS y siete campañas de muestreo en 15 puntos y distintas profundidades. Elaboró isolíneas anuales y gráficos tridimensionales para oxígeno disuelto, temperatura, pH, conductividad, sólidos, turbidez, color y clorofila-a. El embalse presentó estratificación térmica leve entre noviembre y mayo, mezcla completa de junio a octubre y transparencia principalmente influida por clorofila-a; entre 1998 y 2018 la temperatura media disminuyó.",2300
"Análisis del modelo de gestión de agua potable comunitaria de Yunguilla, parroquia Calacalí, perteneciente al cantón Quito, provincia de Pichincha, Ecuador",Gabriela Elizabeth Camino Nuñez,2026,Análisis Socioeconómicos y Ambientales,Becas,Finalizado,-0.004326,-78.584211,"Analizó la sostenibilidad del modelo comunitario de agua potable de Yunguilla desde las dimensiones técnica, económica, sociocultural y ambiental. Combinó entrevistas, encuestas a hogares, observación, cartografía social y grupos focales, sistematizados con una matriz de cuádruple resultado. Encontró una organización comunitaria consolidada e infraestructura funcional, pero también deterioro de tuberías y válvulas, turbidez estacional, dependencia de un técnico y ausencia de fondo de emergencia; plantea reforzar mantenimiento, relevo técnico y gestión financiera.",
Caracterización del uso de hábitat de tres especies de roedores en páramos de la Reserva Ecológica Antisana,Ariatna José Villarreal Jaramillo,2019,Ecología de páramo,Becas,Finalizado,-0.4771500000,-78.2201305556,"Caracterizó el uso de hábitat, movimientos y actividad de Akodon mollis, Phyllotis haggardi y Thomasomys paramorum en cuatro transectos de páramo de Antisana. Integró caracterización florística, captura e identificación de roedores, rastreo de desplazamientos y análisis de diversidad. A. mollis se asoció con pajonal y Chuquiraga, P. haggardi con áreas abiertas y Plantago rigida, y T. paramorum con arbustales; las preferencias observadas deben leerse con cautela por el bajo tamaño muestral.",1270
"Caracterización física y climatológica de la cuenca alta, media y baja de los ríos Machángara, Monjas y San Pedro del Distrito Metropolitano de Quito",Yulexi Nicolle Resabala Loor; Darwin Mauricio Tipan Guano,2025,Hidrología,Becas,Finalizado,-0.230794,-78.506778,"Caracterizó las cuencas alta, media y baja de los ríos Machángara, Monjas y San Pedro para identificar sectores vulnerables y de manejo. Integró análisis morfométrico, climático, de cobertura y uso del suelo con QGIS, RStudio y registros meteorológicos de 2019 a 2023. Las cuencas son alargadas y tienen densidades de drenaje bajas a moderadas, mientras que las zonas altas muestran mayor susceptibilidad a escorrentía, erosión y deslizamientos; Machángara y Monjas evidencian mayor urbanización y San Pedro conserva más cobertura natural.",0
Caracterización isotópica de un evento de crecida sobre la microcuenca 1 del río Jatunhuaycu,Luis Felipe Silva Palmay,2019,Hidrología,Becas,Finalizado,-0.4885804574,-78.2393485821,"Caracterizó las señales de δ18O y δ2H de lluvia, escorrentía y agua de dos niveles de suelo durante una crecida en la microcuenca 1 del río Jatunhuaycu. Combinó monitoreo hidrológico y análisis isotópico para separar componentes de agua de evento y preevento. Las señales del suelo se relacionaron con la escorrentía y la fracción de preevento representó entre 89 % y 99 % del caudal, lo que indica predominio de agua almacenada en el sistema.",2177.25
Caracterización morfológica y molecular del agente causal de la muerte descendente en el árbol de papel (Polylepis incana),Ariana Ivette Zumba Montalvo,2026,Ecología de páramo,Becas,Finalizado,-0.499092,-78.214425,"Caracterizó el agente asociado a la muerte descendente de Polylepis incana en Ponce Paluguillo mediante aislamiento y cultivo, microscopía, secuenciación de ITS, β-tubulina y TEF1-α, filogenia multilocus y ensayos de patogenicidad. El aislado UCEFCAAZ-F1 fue identificado como Fusarium proliferatum. Las plantas inoculadas alcanzaron 61 % de severidad final y los controles permanecieron asintomáticos, aportando evidencia experimental de su patogenicidad.",1665.76
Caracterización morfométrica cuencas laderas del Pichincha: caracterización morfométrica cuenca Rumipamba,Jordan Daniel Loachamin Quinatoa,2025,Hidrología,Becas,Finalizado,-0.185304,-78.519281,"Caracterizó la morfometría de la cuenca Rumipamba en las laderas del Pichincha para describir su comportamiento físico e hidrológico. Delimitó el área, instaló nueve puntos de control y realizó un vuelo con dron de más de 5.000 imágenes para generar un modelo digital de elevación y ortomosaico; después calculó parámetros en QGIS y SAGA GIS. La cuenca, de 577 ha, presentó forma alargada, pendiente media de 37,9° y densidad de drenaje de 2,2 km/km², rasgos compatibles con escorrentía rápida y erosión.",
Contaminación por microplásticos en lagos tropicales altoandinos: perspectivas sobre su origen y distribución en zonas remotas,Mariuxi de los Angeles Ramos Araujo,2022,Análisis Socioeconómicos y Ambientales,Becas,Finalizado,-0.392246,-78.152676,"Cuantificó y caracterizó microplásticos en agua superficial y sedimentos de cinco lagos altoandinos del sistema Papallacta–Oyacachi. Analizó abundancia, tamaño, color, forma y composición polimérica, además de posibles fuentes locales y atmosféricas. Registró microplásticos en ambos medios, con predominio de fibras y películas y presencia de celofán, polietileno y polipropileno; el estudio plantea que pesca, campismo, senderismo y transporte atmosférico podrían contribuir a los aportes.",
Desarrollo del Enfoque de Múltiples-Hipótesis para la Conceptualización de Procesos Hidrológicos en una cuenca de Páramo Andino del Norte del Ecuador usando Modelos de Lluvia-Escorrentía,Magaly Estefanía García González; Karla Tatiana Reinoso Luzuriaga,2022,Hidrología,Becas,Finalizado,-0.496249,-78.253563,"Desarrolló y contrastó hipótesis conceptuales de procesos hidrológicos para dos microcuencas de páramo de Jatunhuaycu mediante modelos lluvia–escorrentía. Calibró y evaluó configuraciones de reservorios, funciones de transferencia y criterios de eficiencia e información frente a caudales observados. Aunque las microcuencas eran cercanas y de tamaño similar, requirieron conceptualizaciones distintas: tres reservorios en paralelo con pérdida para M2 y tres en paralelo para M3, lo que sugiere efectos de geología, infiltración y flujos rápidos y lentos.",2697
Determinación de perímetros de protección para las captaciones de agua subterránea de los sistemas acuíferos del Distrito Metropolitano de Quito como herramienta de gestión del recurso hídrico,Felipe Sebastián Castillo Realpe,2017,Hidrogeología,Becas,Finalizado,-0.184665,-78.488304,"Delimitó zonas vulnerables a contaminación y perímetros de protección para captaciones de agua subterránea del Distrito Metropolitano de Quito. Aplicó DRASTIC en ArcGIS, lo contrastó con GOD y diseñó perímetros con los métodos de Wyssling y Jacobs & Bear, considerando fuentes potenciales de contaminación. DRASTIC estimó 1.886,6 ha de vulnerabilidad baja y 707,46 ha alta; las zonas más vulnerables incluyeron sectores como San José del Inca, La Magdalena, Solanda y Las Cuadras.",300
Efecto de la hidrología sobre el contenido de Carbono Orgánico Disuelto (DOC) en cuatro turberas altoandinas con diferentes grados de intervención,Geordy Alexander Guerrero Minaya,2022,Cambio climático y global,Becas,Finalizado,-0.518977,-78.284006,"Analizó los controles topográficos e hidrometeorológicos del carbono orgánico disuelto en cuatro turberas altoandinas de Antisana y Alto Pita con distintos niveles de intervención. Relacionó concentraciones de DOC con precipitación, temperatura, color, sólidos disueltos y condiciones de drenaje. La topografía no explicó las concentraciones y los controles fueron específicos de cada sitio: precipitación en Jatunhuaycu y Tungurahua, precipitación antecedente en Chamilco y precipitación junto con drenaje en Pugllohuma.",
Efecto de la morfología de las cuencas sobre la dinámica espacio temporal de humedales alto andino,David Ismael Guaña Caiza,2022,Hidrología,Becas,Finalizado,-0.385827,-78.147369,"Determinó la variación espacio-temporal del área superficial de humedales altoandinos y su relación con la morfología de cuencas del sistema Ñucanchi Turubamba, Papallacta–Oyacachi. Procesó imágenes Sentinel-1 en Google Earth Engine con clasificación Otsu, calculó área inundada y frecuencia de inundación, y aplicó análisis de componentes principales y agrupamiento. La extensión inundada varió entre 0,6 % y 42,6 % de las cuencas, con un máximo en mayo, y se identificaron tres grupos con dinámicas diferenciadas.",
"Estimation of Deer Population by Means of Indirect Methods: Distance method, Fecal Accumulation Rate, Fecal Standing Crop at the Antisana Paramo in Ecuador",Henry José Herrera Palacios,2019,Ecología de páramo,Becas,Finalizado,-0.487926,-78.210394,"Estimó la población de venado de cola blanca en el páramo del Antisana mediante conteos desde puntos de observación y tres métodos indirectos: acumulación de heces, permanencia de heces y muestreo por distancias. Los cálculos variaron entre 668,55 y 956,67 individuos según el método, mientras el conteo directo fijó un mínimo de 760. El muestreo por distancias y el recuento de heces resultaron los métodos más útiles para seguimiento; los venados mostraron mayor uso de vegetación herbácea húmeda y seca.",540
Estudio de la influencia de la morfología del embalse Salve Faccha en su estado trófico actual,Jonathan Paúl Cabascango Gualacata; Daniel Fernando Guachamín Andrade,2018,Manejo de embalses,Becas,Finalizado,-0.367911,-78.165984,"Estudió la relación entre morfología, evolución y estado trófico del embalse Salve Faccha mediante batimetría con ecosonda en 51 transectos, ortofotografías y análisis físico-químicos de agua. Calculó parámetros morfométricos y aplicó el índice trófico modificado de Toledo Jr. y criterios OECD. Para 2017 el volumen se había reducido cerca de 3 % respecto de 2007, principalmente en la zona lacustre, y el embalse fue clasificado como eutrófico.",1436
Evaluación de la edad del resto de poda de Lantana camara como material de empaque en un sistema de biofiltración para aguas residuales domésticas,David Andrés Moreno Jaya,2019,Análisis Socioeconómicos y Ambientales,Becas,Finalizado,-0.202909,-78.490845,"Evaluó el efecto de la edad y granulometría de restos de poda de Lantana camara en biofiltros de aguas residuales domésticas a escala de laboratorio. Operó cuatro reactores con materiales gruesos o finos y con o sin espinas, y monitoreó DQO semanalmente junto con pH, temperatura, color y turbidez. El material fino sin espinas obtuvo la mayor remoción media de DQO, 60,59 %, y todos los biofiltros estabilizados superaron 54 %.",2728
Evaluación de la herramienta de simulación del recurso hídrico Hydro-BID para la cuantificación de la disponibilidad de agua en la cuenca alta del río Guayllabamba y unidades hídricas aportantes de agua para el Distrito Metropolitano de Quito,Viviana Paola Bravo Ortiz,2020,Hidrología,Becas,Finalizado,-0.517488,-78.219954,"Evaluó Hydro-BID para cuantificar la disponibilidad hídrica en la cuenca alta del Guayllabamba y sus unidades aportantes al Distrito Metropolitano de Quito. Alimentó y calibró el modelo con precipitación, temperatura y caudales diarios, y contrastó las simulaciones con observaciones de estaciones y unidades hidrográficas. Reprodujo aceptablemente caudales medios diarios, pero tendió a sobreestimar picos altos y subestimar caudales bajos, lo que evidencia la necesidad de mejorar insumos de monitoreo y representar aportes glaciares.",1487
Evaluación de la respuesta fenológica y morfológica de 13 especies de plantas de páramo ante un calentamiento experimental,Mauricio Gabriel Sáenz Lituma,2019,Cambio climático y global,Becas,Finalizado,-0.473508,-78.184691,"Evaluó la respuesta fenológica y morfológica de 13 especies de plantas del páramo de Antisana ante calentamiento experimental en cámaras abiertas. Registró fases reproductivas y las comparó con datos climáticos y plantas fuera de las cámaras. No encontró un desplazamiento fenológico general significativo, aunque algunas fenofases se adelantaron hasta dos meses bajo calentamiento y la producción de estructuras reproductivas fue menor; la precipitación aparece como un posible factor relevante.",2100
"Evaluación de riesgos por la propagación del volumen de avenida de la Represa Rumipamba Alto ubicado en el barrio la Primavera, parroquia Belisario Quevedo en el Centro-Norte de la Ciudad de Quito",María José Haro Morales; José Alexander Saldarriaga Ibarra,2026,Manejo de embalses,Becas,Finalizado,-0.178598,-78.509722,"Evaluó la propagación de una onda de avenida ante escenarios hipotéticos de falla de la represa Rumipamba Alto en Quito. Integró GNSS-RTK, fotogrametría con dron, modelos digitales de terreno, análisis hidrológico y modelación hidráulica bidimensional en Iber para estimar extensión, calados, velocidades y tiempos de llegada. La zonificación de peligro estimó áreas inundadas desde aproximadamente 0,23 km² hasta 2,94 km² en el escenario límite y permitió una evaluación preliminar de exposición.",1805.5
Evaluación de tres sustratos y un control de una especie de Polylepis (Polylepis incana) para la restauración de un ecosistema nativo en el Área de Protección Hídrica Ponce Paluguillo,Alcides Guzman,2025,Restauración de la cobertura vegetal,Becas,Finalizado,-0.152846,-78.213567,"Evaluó cuatro tratamientos de sustrato para propagar esquejes de Polylepis incana en el vivero de Ponce Paluguillo como apoyo a la restauración. Comparó mezclas de tierra negra, tierra de páramo, hojarasca y cascajo mediante propiedades físico-químicas, densidad, nutrientes y respuesta de las plántulas. Los tratamientos no difirieron en pH, conductividad, potencial redox ni cenizas, pero sí en densidad, nitrógeno y fósforo; el informe destaca la importancia de porosidad, baja compactación y materia orgánica para el establecimiento inicial.",
Evaluación del servicio ecosistémico correspondiente a la producción de agua en la cuenca alta del río Guayllabamba utilizando el modelo computacional InVEST,Sandra Janeth Torres Paguay,2018,Economía Ecológica y Economía Ambiental,Becas,Finalizado,-0.322179,-78.427593,"Evaluó el servicio ecosistémico de producción de agua en la cuenca alta del Guayllabamba con el modelo InVEST. Integró una red de 133 pluviómetros, precipitación satelital corregida, evapotranspiración, caudales de 12 subcuencas y cobertura y uso del suelo en un balance hídrico anual espacialmente distribuido. Generó mapas de rendimiento hídrico y estimó valores de hasta 1.500 mm/año en zonas altas cercanas a Antisana, Cayambe y Pichincha, resaltando la importancia de corregir información global con observaciones de campo.",2810
Evaluación espacial de la dinámica de sedimentos y de color real en los ríos Jatunhuayco y Antisana del sistema de agua La Mica Quito Sur,María Cristina Alarcón Espinoza; Jhonny Alexander Flores Ruales,2026,Hidrología,Becas,Finalizado,-0.502216,-78.246818,"Evaluó la dinámica de sedimentos y el color real en los ríos Jatunhuayco y Antisana del sistema La Mica–Quito Sur. Realizó campañas de campo, aforos con micromolinete y dilución química, análisis de fracciones de sólidos, turbidez, color, pH, temperatura y oxígeno, y procesó los datos en RStudio y QGIS. Jatunhuayco presentó mayores sedimentos y variabilidad de color, mientras Antisana fue más estable, comportamiento que la fuente asocia a su origen glaciar y a aportes de ojos de agua.",
Flujo génico entre poblaciones de Polylepis incana Kunth. y P. racemosa Ruiz & Pav. del Área de Conservación de Paluguillo en la Estación Científica Agua y Páramo en Pichincha,Dominique Alejandra Vargas Salinas,2021,Ecología de páramo,Becas,Finalizado,-0.161739,-78.222406,"Determinó si existe flujo génico entre Polylepis incana y P. racemosa en Paluguillo y la Estación Científica Agua y Páramo. Genotipó 60 individuos de seis poblaciones con ocho marcadores ISSR y comparó forma foliar mediante morfometría geométrica. Encontró baja diversidad genética, 98 % de bandas polimórficas y mayor variabilidad dentro que entre poblaciones; no identificó híbridos, pero estimó intercambio génico cercano a 0,9 individuos por generación.",2938
Identificación de los controladores hidrometeorológicos en la concentración de Carbono Orgánico Disuelto (COD) en humedales del páramo del norte de Ecuador,Christian Ricardo Naranjo Ulloa; Andrea Marcela Calle Cabrera,2022,Cambio climático y global,Becas,Finalizado,-0.5000000000,-78.2000000000,"Identificó factores hidrometeorológicos asociados a las concentraciones de carbono orgánico disuelto en humedales de páramo, incluidos Jatunhuaycu, Pugllohuma y Tungurahua. Revisó características de las series, condiciones antecedentes y relaciones mediante correlaciones y regresiones entre COD/DOC, caudal, precipitación y variables climáticas. Las correlaciones más consistentes se dieron con caudal y precipitación, salvo una relación débil con precipitación en Jatunhuaycu, aportando criterios para conservación, calidad de agua y balance de carbono.",0
"Identificación taxonómica de las especies de cianobacterias y microalgas del embalse Salve Faccha, perteneciente a la Red de Agua Potable Papallacta, Parque Nacional Cayambe-Coca, Cordillera Real del Ecuador",Kelly Nicole López Valdivieso,2019,Manejo de embalses,Becas,Finalizado,-0.371826,-78.169701,"Identificó cianobacterias y microalgas del embalse Salve Faccha mediante muestreo, observación directa, aislamiento, caracterización y elaboración de un atlas taxonómico con microscopía. Registró comunidades típicas de ecosistemas altoandinos, con Chlorophyta, Charophyta, Ochrophyta, Cyanobacteria y Chrysophyta. El predominio de clorofitas, diatomeas y cianobacterias, junto con taxones como Dolichospermum y Euglena, fue interpretado como señal para mantener seguimiento del enriquecimiento trófico.",1960
Importancia del río glaciar en la diversificación de comunidades de carábidos de altura bajo un contexto de cambio climático,Fernando Josué Franco Salgado,2020,Cambio climático y global,Becas,Finalizado,-0.476405,-78.205883,"Investigó cómo la cercanía a un río glaciar y las condiciones ambientales se relacionan con la diversidad de carábidos de altura en la ladera suroccidental del Antisana. Comparó comunidades en puntos altos cercanos y alejados del río mediante muestreos, identificación de especímenes y análisis de diversidad y microclima. El punto alto cercano al río fue el más diverso y el punto alto lejano presentó mayor recambio de especies; también se reportaron posibles ampliaciones de distribución para cuatro especies.",340
Influencia de factores fisicoquímicos sobre la comunidad de microalgas en lagos altoandinos,Dayana Anabel Martínez Rosero,2022,Ecología de páramo,Becas,Finalizado,-0.399664,-78.159037,"Analizó la relación entre factores físico-químicos y comunidades de microalgas en lagos del sistema Papallacta–Oyacachi, durante dos campañas entre 2020 y 2021. Recolectó fitoplancton y perifiton, los identificó microscópicamente y aplicó análisis de correspondencia canónica y similitud. Identificó 106 especies; lagos y reservorios tuvieron baja similitud florística, y conductividad y transparencia fueron las variables más influyentes, sin una relación mayor de nutrientes con la presencia de especies.",
Limnological studies of HighAndean lakes in Ecuador,Jorge E. Celi; David Guaña; Andrea Llumiquinga; Angeles Ramos; Bryan Rosero; Dayana Martínez,2022,Ecología de páramo,Becas,Finalizado,-0.383483,-78.142415,"El póster sintetiza un programa limnológico del sistema Papallacta–Oyacachi, incluido el humedal Ñucanchi Turubamba. Reúne estudios de dinámica de humedales, morfometría y biogeoquímica de lagos, microplásticos, microalgas y estratificación de Salve Faccha. Reporta, entre otros resultados, frecuencias de inundación de 30,5 % a 88,3 %, 106 especies de microalgas y microplásticos en agua y sedimentos, como resultados agregados de los subestudios.",
"Mapeo dinámico de humedales de páramo (bofedales) utilizando Water Cloud Model (WCM) a través de imágenes radar en banda C y polarizaciones VH, VV del satélite Sentinel-1",Luis Fabian Huaraca Huaraca,2025,Hidrología,Becas,Finalizado,-0.499605,-78.243118,"Mapeó dinámicamente bofedales en áreas de interés hídrico de Pichincha, Napo y Cotopaxi mediante imágenes Sentinel-1 y Sentinel-2, clasificación supervisada y un Water Cloud Model calibrado con humedad superficial in situ. Comparó cartografía óptica, radar y basada en humedad para examinar variación intra e interanual, con énfasis en Jatunhuaycu. La integración óptica-radar permitió el análisis dinámico; en 2023 se estimaron 28.972 ha de humedales y el modelo calibrado alcanzó R = 0,79, aunque subestimó área frente a la clasificación radar.",
"Modelo multitemporal del cambio de cobertura vegetal y uso de suelo en las cuencas de los ríos Machángara, Monjas y San Pedro en el Distrito Metropolitano de Quito entre 1990 al 2024",Luis Andrés Constante Veloz; Andy Moisés Osorio Aules,2025,Análisis Socioeconómicos y Ambientales,Becas,Finalizado,-0.247620,-78.511982,"Modeló cambios de cobertura vegetal y uso de suelo en las cuencas Machángara, Monjas y San Pedro hasta 2024, con proyecciones a 2045. Procesó imágenes Landsat en RStudio y SIG, aplicó correcciones, clasificación supervisada Random Forest, cartografía anual, tasas de cambio y matrices de transición bajo Corine Land Cover. La urbanización fue el cambio dominante, particularmente en Machángara y Monjas, y se proyecta su expansión en San Pedro; el estudio recomienda contenerla y proteger páramo, bosques y suelos estratégicos.",528
Presence of Myxoma Virus and Rabbit Hemorrhagic Disease Virus in Sylvilagus andinus in the Antisana Hydrological Conservation Area,Cristian Guzmán Arias,2021,Ecología de páramo,Becas,Finalizado,-0.484752,-78.197340,"Examinó la presencia de virus Myxoma y de la enfermedad hemorrágica del conejo en Sylvilagus andinus del Área de Conservación Hídrica Antisana. Aplicó PCR convencional para MYXV, RT-PCR para RHDV y secuenciación de amplicones. Detectó muestras positivas para ambos virus y la interpretación del estudio sugiere circulación de MYXV y RHDV en la población evaluada, por lo que recomienda ampliar el muestreo y evaluar posibles efectos poblacionales.",2988
Pronóstico de caudales bajos en la cuenca del río Pita mediante inteligencia artificial como soporte para la gestión del abastecimiento de agua potable del Distrito Metropolitano de Quito,Roger Steven Vega Yautibug,2026,Hidrología,Becas,Finalizado,-0.415632,-78.330418,"Exploró la sensibilidad de redes LSTM para pronosticar caudales bajos del río Pita con horizontes de 1, 7, 15 y 35 días. Construyó modelos con caudal, nivel de agua, humedad relativa, precipitación, radiación solar y temperatura, y los comparó con RMSE, MAE, MAPE y métricas de firma. Las variables hidrométricas fueron determinantes y su combinación con variables meteorológicas y rezagos adecuados mejoró el desempeño, lo que aporta un insumo para anticipar períodos de bajo caudal.",837.88
"Propuesta de mejora para la Gestión del Agua en el Sistema Pita-Puengasí del Distrito Metropolitano de Quito con base en la Huella Hídrica, período 2023-2024",Ariel Alejandro Palacios Loor; Junior Alexander Zambrano Vera,2026,Economía Ecológica y Economía Ambiental,Becas,Finalizado,-0.2366666021,-78.4930863967,"Evaluó la huella hídrica del sistema Pita–Puengasí, desde captación y conducción hasta tratamiento, con datos de 2023–2024 y lineamientos ISO 14046 y Water Footprint Network. Delimitó procesos, unidades funcionales y tres sectores para cuantificar componentes azul, verde y gris, y evaluó propuestas de mejora por viabilidad técnica y económica. Estimó una huella de 38,20 Mm³, equivalente a 34,20 % del agua producida; 97,9 % fue azul y la conducción concentró 94,27 % del total.",545
Caracterización hidrogeofísica espaciotemporal del subsuelo somero en la cuenca alta del río Jatunhuaycu mediante Tomografía de Resistividad Eléctrica time-lapse (ERT 4D),No identificado (Diana Cuasapaz figura en metadato del archivo),2026,Hidrogeología,Proyectos de investigación,En curso,-0.465370,-78.201830,"El proyecto busca reducir vacíos sobre almacenamiento, saturación y rutas preferenciales de agua en humedales de la cuenca alta del Jatunhuaycu. Prevé aplicar tomografía de resistividad eléctrica 4D con perfiles repetidos en época seca y lluviosa, integrada con registros hidrometeorológicos, nivel freático y calidad de agua. Se esperan identificar zonas de recarga, conectividad y rehumectación, y producir un atlas multitemporal, guía técnica, informe y artículo para orientar conservación y restauración.",
Caracterización hidrogeológica de las vertientes occidentales del volcán Antisana como parte de los estudios de los glaciares y páramos frente al cambio climático,Elizabeth Carolina Alvarado Obando,2009,Hidrogeología,Proyectos de investigación,En curso,-0.506830,-78.217020,"La investigación caracteriza las vertientes occidentales del Antisana para reconocer fuentes de agua y su relación con glaciares, páramos y reservas subterráneas. El documento describe revisión cartográfica y fotogeológica, reconocimiento geológico de campo, inventario de puntos de agua, muestreo de agua y roca, mapas temáticos y estimación de reservas. Reporta el inventario y la caracterización hidrogeológica, y recomienda perforaciones y ensayos de acuíferos para precisar espesores y transmisividad.",
Censos y jornadas: análisis de población de venados,Henry Herrera,2026,Ecología de páramo,Proyectos de investigación,En curso,-0.515327,-78.229418,"El informe automatizado sistematiza censos de venados de 2018 a 2025 para describir máximos observados, tasas finitas de crecimiento, hábitat, sexo, edad, comportamiento y puntos de avistamiento. Compara jornadas y calcula tendencias por intervalos de años. Registra un aumento de 17 % entre 2024 y 2025 y una tasa geométrica media cercana a 6 %; el seguimiento se plantea como una serie continua, no como una estimación poblacional definitiva.",
"ChuquirAgua: Ciencia ciudadana que alerta sobre sequías, racionamiento eléctrico, incendios y degradación del agua en comunidades locales",No identificado (documento firmado por Carlos Javier Torres Miño),2025,Análisis Socioeconómicos y Ambientales,Proyectos de investigación,En curso,-0.932150,-78.615550,"ChuquirAgua busca codiseñar con habitantes una aplicación de alertas frente a sequías, racionamiento eléctrico, incendios y degradación del agua. Durante 18 meses prevé implementar laboratorios ciudadanos en Pichincha y Cotopaxi para medir caudal y calidad de agua con equipos de bajo costo y kits de análisis, enviando datos a un servidor, una aplicación y una web. Se esperan evidencia para mitigación y un sistema ciudadano escalable; la fuente no reporta resultados ejecutados.",
"Consultoría para levantar una línea base de la unidad hidrográfica del río El Cinto, occidente del DMQ y proponer un plan de acción",Susana Escandón; Melania Intriago; Sergio Torres; Daniela Cadena; Juan Javier Aguirre; Carla Pérez,2016,Análisis Socioeconómicos y Ambientales,Proyectos de investigación,En curso,-0.2175059850,-78.5550763356,"La consultoría levantó una línea base socioambiental de la unidad hidrográfica del río El Cinto para orientar acciones de conservación y mejora de condiciones de vida. Combinó revisión de información secundaria, cartografía, recorridos y parcelas de campo, encuestas, talleres y análisis de gobernanza, agua, cobertura y actividades productivas. El diagnóstico registró presión por incendios y erosión, sin cambios relevantes de páramo entre 2001 y 2014, y propuso monitoreo, restauración, educación, fortalecimiento organizativo y producción sostenible.",
Determinación de actinomicetos en los sedimentos del embalse Salve Faccha,No identificado,s. f.,Manejo de embalses,Proyectos de investigación,En curso,-0.448600,-78.182660,"La propuesta busca evaluar presencia, diversidad y concentración de actinomicetos en sedimentos del embalse Salve Faccha y explorar su posible relación con metabolitos como geosmina y con la calidad del agua. Plantea recolectar 15 muestras en distintos puntos y profundidades, aislar y caracterizar microorganismos en laboratorio y medir condiciones físico-químicas del sedimento. Se esperan identificar especies, patrones de distribución y factores asociados para formular recomendaciones de seguimiento y manejo.",
Fortalecimiento de capacidades para el establecimiento de medidas de restauración de ecosistemas de montaña y la generación de evidencia científica sobre sus impactos en la provisión de servicios ecosistémicos hídricos (Fase II),Bert De Bièvre; Helder Mallqui Meza,2023,Restauración de la cobertura vegetal,Proyectos de investigación,En curso,-0.493690,-78.188140,"La Fase II busca fortalecer la cooperación entre FONAG e INAIGEM para restauración de ecosistemas de montaña y evaluación de sus efectos sobre servicios hídricos. Retoma intercambios y una visita documentados para la Fase I, y prevé reuniones técnicas, intercambios de campo, definición conjunta de indicadores y monitoreo en Antisana, Alto Pita y Áncash. Se esperan informes de diseño y análisis preliminar, visitas técnicas y un documento conjunto de avances, lecciones y lineamientos de monitoreo.",
"Implementación de estrategias de protección de la cuenca hidrográfica de la quebrada Rumipamba, en el noroccidente de Quito, a través de la educación ambiental, el monitoreo hidrometeorológico e infraestructura para manejo del lugar",No identificado,2024,Análisis Socioeconómicos y Ambientales,Proyectos de investigación,En curso,-0.183040,-78.518390,"El proyecto de vinculación busca proteger la cuenca de la quebrada Rumipamba mediante educación ambiental, monitoreo hidrometeorológico e infraestructura de manejo. Para 2024–2026 prevé estrategias educativas e infraestructura demostrativa, instalación y validación de datos hidrometeorológicos, y un estudio hidrológico-hidráulico de amenazas asociadas a la presa de Rumiloma. Sus productos previstos incluyen capacitación comunitaria, materiales de divulgación y un mapa de amenazas para apoyar conservación y seguridad local.",
INABIOsoil: Innovación en la evaluación del manejo en suelos de páramo,Instituto Nacional de Biodiversidad (INABIO),s. f.,Ecología de páramo,Proyectos de investigación,En curso,-0.4754841950,-78.2348678000,"INABIOsoil busca evaluar cómo el manejo modifica la biodiversidad y el funcionamiento de suelos de páramo intervenidos por FONAG. Propone comparar sitios con y sin pastoreo, áreas erosionadas y pajonal mediante análisis físico-químicos, extracción de ADN, metabarcoding 16S, bioinformática y pruebas metabólicas de carbono. Se espera establecer una línea base de riqueza, composición y funciones microbianas y generar indicadores para valorar restauración y orientar el manejo de los suelos.",
Informe de monitoreo de gases de efecto invernadero en Jatunhuayco y Pullurima,No identificado,2024,Cambio climático y global,Proyectos de investigación,En curso,-0.479160,-78.214870,"El informe compara el intercambio de CO₂ y CH₄ en el humedal Jatunhuayco, en recuperación, y Pullurima, intervenido por pastoreo. Entre agosto y diciembre de 2023 instaló transectos y pozos, y realizó mediciones mensuales con cámara Picarro junto con nivel freático y variables ambientales. Los resultados preliminares indican mayor asimilación de CO₂ y menores flujos de CH₄ en Jatunhuayco; el propio informe solicita ampliar la ventana de observación para confirmar esas tendencias.",
Monitoreos ACHA Atacazo y ACH Pita: primera etapa de monitoreo y aforos,Miguel Ángel Rosero Clavijo,2025,Hidrología,Proyectos de investigación,En curso,-0.3183382630,-78.6017551075,"La primera etapa caracterizó condiciones físico-químicas del agua y caudales en ACHA Atacazo y la microcuenca del río Pita. Ejecutó tres campañas entre septiembre y octubre de 2025 en 23 puntos, con mediciones in situ de pH, conductividad, turbidez, oxígeno disuelto y temperatura, muestras químicas e isotópicas y aforos por dilución salina. La etapa produjo una línea base inicial de aguas de alta montaña generalmente poco mineralizadas y de buena calidad, con variaciones locales; el informe recomienda continuar las campañas para evaluar estacionalidad y caudales.",
Preserving the natural carbon storage capacity of páramo wetlands and volcano glaciers through autonomous aerial monitoring and computer vision: Pilot program at the Antisana natural reserve in Ecuador,No identificado,2023,Cambio climático y global,Proyectos de investigación,En curso,-0.487790,-78.174230,"El programa piloto busca conservar la capacidad de almacenamiento de carbono de humedales de páramo y glaciares en la Reserva Natural Antisana. Propone integrar imágenes aéreas y satelitales, visión computacional y trabajo con actores locales para monitorear salud de vegetación, disponibilidad de agua y dinámica glaciar. Se esperan modelos de escenarios para identificar amenazas y priorizar acciones, además de información operativa, capacitación y métodos transferibles a otros paisajes de montaña.",
"Procesos ecológicos de 4 embalses que abastecen de agua potable al DMQ, ubicados en los páramos andinos",Mario Guallpa (metadato del documento),2025,Manejo de embalses,Proyectos de investigación,En curso,-0.513420,-78.174680,"La investigación busca estudiar los procesos ecológicos que determinan el estado trófico de los embalses Salve Faccha, Mogotes, Sucus y La Mica, fuentes de agua para el DMQ. Prevé muestreos trimestrales de agua, sedimentos, afluentes y biota, medición de variables físico-químicas, nutrientes, carbono, gases y comunidades planctónicas, bentónicas y de peces. Los productos previstos son una base de datos hidroecológica e indicadores o criterios de manejo para los cuatro embalses.",
Propuesta metodológica para el monitoreo del impacto de las acciones que implementa el FONAG en el acceso a agua segura en áreas rurales del Distrito Metropolitano de Quito,Paola Fuentes Salcedo; Lorena Coronel Tapia (directora),2024,Análisis Socioeconómicos y Ambientales,Proyectos de investigación,En curso,-0.231510,-78.495620,"La propuesta de titulación busca diseñar una metodología para medir el impacto de las acciones de FONAG sobre el acceso a agua segura en comunidades rurales del DMQ. Articula dimensiones ecológicas, técnicas y sociales y plantea indicadores, instrumentos de evaluación y participación de FONAG y usuarios. El producto previsto es una metodología aplicable con indicadores y recomendaciones para priorizar intervenciones y evidenciar cambios; la fuente no reporta resultados de aplicación.",
Respuestas glacio-eco-hidro-biogeoquímicas al cambio climático en volcanes andinos tropicales,G. H. C. Ng (PI citado); equipo interdisciplinario,2023,Cambio climático y global,Proyectos de investigación,En curso,-0.029960,-77.986640,"El proyecto interdisciplinario busca examinar cómo el cambio climático y el retroceso glaciar afectan cantidad y calidad de agua, vegetación y ciclos biogeoquímicos en Cayambe, Antisana, Chimborazo y Cotopaxi. Plantea integrar observaciones glaciológicas, hidrológicas, ecológicas y químicas con colaboración de comunidades indígenas y modelos predictivos desde las lenguas glaciares hasta usuarios aguas abajo. Se esperan escenarios de vulnerabilidad, protocolos de monitoreo y recomendaciones de adaptación y conservación.",
Tracing Water Origins and Quality in the Páramo and Glacial Ecosystems of the Ecuadorian Andes,Brigham Young University y Universidad San Francisco de Quito (equipo no individualizado en extracto),s. f.,Hidrología,Proyectos de investigación,En curso,-0.550670,-78.173560,"La iniciativa busca estudiar el origen y la calidad del agua en ecosistemas de páramo y glaciares de Antisana, Cayambe, Cotopaxi y Chimborazo. Prevé medir contribuciones de precipitación, deshielo y agua subterránea, junto con variables físico-químicas, metales traza, ADN ambiental y macroinvertebrados, integrados mediante análisis geoespacial y modelos ecológicos. Se esperan bases de datos abiertas, artículos, reportes comunitarios y capacitación para mejorar la gestión de fuentes altoandinas.",
Atlas de microalgas y cianobacterias del fitoplancton y perifiton: Embalse La Mica,Katherin Clavijo Páez; Karen Rodríguez Sabando; Diana Ontaneda Andrade; Andrés Arévalo; Diana Astorga García,2020,Manejo de embalses,Proyectos de investigación,Finalizado,-0.499920,-78.165410,"El atlas caracterizó microalgas y cianobacterias de fitoplancton y perifiton del embalse La Mica y sus afluentes. Entre mayo y octubre de 2019 realizó muestreos a diferentes profundidades con botellas y red, colectas de perifiton en ríos, dique, rocas y muelle, e identificación por microscopía y cultivo. Registró ocho divisiones, con predominio de clorofitas y ocrófitas, y recomienda seguimiento sistemático de géneros potencialmente nocivos.",
Caracterización de macrofósiles a lo largo de perfiles de turba en dos humedales altoandinos dentro del Área de Conservación Hídrica Antisana,Dominique Vargas,2022,Ecología de páramo,Proyectos de investigación,Finalizado,-0.479530,-78.207630,"La consultoría caracterizó macrofósiles vegetales en perfiles de turba de Pugllohuma y Jatunhuaycu para construir una línea base paleoambiental útil para restauración. El Producto 1 definió el muestreo de núcleos y análisis microscópico, y el Producto 2 examinó perfiles de 150 y 185 cm. Identificó cinco taxones, depósitos de ceniza y cambios de vegetación, con señales de disturbio ganadero y recuperación reciente, y propuso especies y análisis complementarios para restauración.",3410.19
Delineation of water flow paths in a tropical Andean headwater catchment with deep soils and permeable bedrock,Braulio Lahuatte; Giovanny M. Mosquera; Sebastián Páez-Bimos; Marlon Calispa; Veerle Vanacker; Xavier Zapata-Ríos; Teresa Muñoz; Patricio Crespo,2022,Hidrogeología,Proyectos de investigación,Finalizado,-0.5052777778,-78.2413888889,"El artículo delimitó rutas de flujo de agua en la subcuenca JTU_01 del Observatorio Experimental Jatunhuaycu. Entre marzo de 2019 y febrero de 2020 combinó hidrometría con isótopos estables en precipitación, agua de suelo, humedales y caudal, y analizó indicadores de tiempo de tránsito. Encontró predominio de flujos verticales y subsuperficiales a través de cenizas volcánicas, suelos profundos y fracturas, con alto almacenamiento y escaso escurrimiento superficial.",
"Dye tracer study in the Jatunhuaycu watershed, Napo, Ecuador",FONAG,2018,Hidrología,Proyectos de investigación,Finalizado,-0.453960,-78.202700,"La propuesta de trazadores buscó aclarar conexiones subterráneas en la cuenca Jatunhuaycu, especialmente en la microcuenca 2, donde el monitoreo previo sugirió infiltración y menor regulación. Planteó combinar datos de lluvia y caudal con inyecciones de fluoresceína y eosina, muestreadores de carbón activado en manantiales y río, y seguimiento por hasta seis meses. Se esperaba estimar rutas y tiempos de residencia, localizar zonas de recarga y ajustar acciones de restauración y manejo integrado.",
Emergencia de plántulas nativas mediante la técnica de siembra directa y crecimiento y supervivencia de siembra de plántulas de Chuquiraga jussieui en el Páramo del Antisana,No identificado (archivo asociado a Byron Medina),s. f.,Restauración de la cobertura vegetal,Proyectos de investigación,Finalizado,-0.4931300000,-78.2155600000,"El informe evaluó emergencia por siembra directa de cuatro especies nativas y crecimiento y supervivencia de Chuquiraga jussieui en páramo del Antisana. Instaló parcelas en pajonal, arbustal-pajonal, arenal y páramo conservado, con tratamientos de sombra y exclusión de herbívoros. Chuquiraga fue la única especie que emergió en todas las coberturas y en arenal; las diferencias entre coberturas no fueron significativas, mientras protección y sombra favorecieron la supervivencia.",
"Estudio geológico y geofísico de la cuenca del río Jatunhuaycu, escala 1:10 000",Fausto Carranco; Wladimir Romero; Luis Jaramillo; Jonathan Suárez; Carlos Abril y equipo IIGE,2018,"Geología, Sismología y Vulcanología",Proyectos de investigación,Finalizado,-0.4615042015,-78.2337579883,"El estudio geológico-geofísico de Jatunhuaycu, a escala 1:10.000, buscó reconocer estructuras y zonas de almacenamiento subterráneo de agua para orientar la gestión de cuenca. Combinó cartografía geológica, reconocimiento de campo, análisis de rocas y diez líneas de tomografía eléctrica. Identificó una zona superficial saturada y otra de saturación media en profundidad, además del control de fallas sobre la hidrología; recomienda perforaciones y piezómetros para verificar e integrar la información al monitoreo.",3100
Hand searching versus pitfall trapping: how to assess biodiversity of ground beetles (Coleoptera: Carabidae) in high altitude equatorial Andes?,Mauro Gobbi; Álvaro Barragán; Mattia Brambilla; Emilia Moreno; Washington Pruna; Pierre Moret,2018,Ecología de páramo,Proyectos de investigación,Finalizado,-0.029629,-77.984247,"El estudio comparó búsqueda manual y trampas de caída para inventariar carábidos en páramos ecuatoriales de alta altitud, en seis volcanes y franjas de páramo alto y superpáramo. En 28 sesiones de muestreo registró riqueza, abundancia y esfuerzo de cada técnica. La búsqueda manual detectó ligeramente más especies y fue más eficiente en tiempo; los autores recomiendan combinar ambos métodos para inventarios exhaustivos en páramo alto, mientras en superpáramo mostraron resultados comparables.",
Humboldt’s Tableau Physique revisited,Pierre Moret; Priscilla Muriel; Ricardo Jaramillo; Olivier Dangles,2019,Ecología de páramo,Proyectos de investigación,Finalizado,-1.469310,-78.816570,"El artículo revisó críticamente los datos botánicos del Tableau Physique de Humboldt con documentos históricos, herbarios y muestreos florísticos repetidos en localidades atribuidas a Chimborazo y Antisana. Encontró que una parte importante de las observaciones de gran altitud no podía verificarse o estaba mal localizada, especialmente en Antisana. La comparación temporal estimó expansiones altitudinales de la flora de aproximadamente 215 a 266 m en 215 años, compatibles con una respuesta al calentamiento.",
Interacciones ecológicas y ensamblaje de comunidades en ecosistemas vulnerables al cambio climático,Sofía Carvajal Endara,2022,Cambio climático y global,Proyectos de investigación,Finalizado,-0.080713,-77.989204,"El proyecto propone estudiar cómo las interacciones ecológicas y el ensamblaje de comunidades responden al cambio climático en trópicos altoandinos e islas oceánicas tropicales. Plantea revisión sistemática, muestreos de diversidad, experimentos en comunidades y modelos de redes e idoneidad para relaciones planta-animal en páramo, parásitos de anuros y depredación de semillas por pinzones. Sus productos previstos son prioridades de investigación, redes de interacción y predicciones aplicables a conservación.",
"Observaciones del flujo de carbono, energía y agua en el ecosistema del páramo dentro del Área de Conservación Hídrica del Antisana",Xavier Zapata-Ríos; Leandro Robaina; David Carchipulla; Sandra Torres; Carmen Elena Lopez,2022,Cambio climático y global,Proyectos de investigación,Finalizado,-0.4780000000,-78.2170000000,"La presentación documenta observaciones de flujos de carbono, energía y agua en un sitio de páramo de Antisana a 4.250 m. Explica el uso de covarianza de remolinos y reporta balances de precipitación, evapotranspiración y CO₂ para 2021–2022. Informa una evapotranspiración diaria media de 1,37 mm y un balance anual neto de CO₂ negativo, interpretado como sumidero, pero los presenta como avances de monitoreo que requieren continuidad.",
Propuesta para la determinación de la eficacia de comunidades de macroinvertebrados como indicadores en el análisis del estado ecológico del humedal Pugllohuma,Esteban Andrés Castañeda Chávez; Wanky Roberto Conejo Gualacata,s. f.,Ecología de páramo,Proyectos de investigación,Finalizado,-0.508642,-78.193517,"El proyecto evaluó la utilidad de macroinvertebrados como indicadores del estado ecológico del humedal Pugllohuma, comparando cinco pozas en recuperación con cinco sin recuperación. Caracterizó hábitat, conectividad, vegetación y variables físico-químicas, y aplicó análisis multivariados a riqueza y abundancia. Identificó 11 familias de macroinvertebrados y relaciones significativas con el entorno físico y químico; las pozas recuperadas, de mayor tamaño y conectividad, mostraron una composición más favorable.",
Proyecto Trazadores Colorimétricos A.C.H. Atacazo: comprendiendo las rutas del flujo del agua,Braulio Lahuatte; Luna Delerue; Mario Guallpa; Teresa Muñoz,s. f.,Hidrología,Proyectos de investigación,Finalizado,-0.358370,-78.562910,"El proyecto de trazadores colorimétricos en ACHA Atacazo buscó comprender conexiones hídricas en las cuencas Dique Norte y Carachas, asociadas al predio San Gabriel. Propuso inyectar eosina y fluoresceína en dos puntos, monitorear hasta seis sitios con fluorómetros o carbón activado durante seis meses y contar con apoyo de guardapáramos. Se esperaban tiempos de tránsito, conexiones entre cabeceras, galerías y río, zonas de recarga y posibles trasvases para orientar la gestión del agua.",
Soil Moisture Forecast Using Transfer Learning: An Application in the High Tropical Andes,Diego Escobar-González; Marcos Villacís; Sebastián Páez-Bimos; Gabriel Jácome; Juan González-Vergara; Claudia Encalada; Veerle Vanacker,2024,Hidrología,Proyectos de investigación,Finalizado,-0.4838611111,-78.2439305556,"El estudio desarrolló pronósticos de humedad del suelo para la subcuenca JTU_01, en la vertiente occidental del Antisana, mediante aprendizaje por transferencia. Usó datos de 2018–2022 de una estación meteorológica y sensores TDR en ocho perfiles bajo plantas en cojín y pajonal, y entrenó modelos neuronales. Los modelos transferidos reprodujeron con alta precisión series de sitios poco instrumentados y mostraron que la vegetación condiciona la humedad del suelo.",
Soil–vegetation–water interactions controlling solute flow and chemical weathering in volcanic ash soils of the high Andes,Sebastián Páez-Bimos; Armando Molina; Marlon Calispa; Pierre Delmelle; y cols.,2023,"Geología, Sismología y Vulcanología",Proyectos de investigación,Finalizado,-0.4838027778,-78.2438027778,"El estudio investigó cómo plantas en cojín y pajonales controlan el balance hídrico, flujos de solutos y meteorización de suelos de ceniza volcánica altoandinos. Midió humedad, flujos y concentraciones en dos perfiles y modeló la hidrología del suelo. Bajo cojines, la evapotranspiración fue 1,7 veces mayor y el drenaje profundo tres veces menor que bajo pajonal; la vegetación alteró el horizonte superficial y condicionó movilización de solutos y meteorización.",
Variación en la dieta de las comunidades de la familia Carabidae en un gradiente altitudinal de la zona suroeste del volcán Antisana,Jamie Nicole Mora Bolaños,2023,Ecología de páramo,Proyectos de investigación,Finalizado,-0.5226300000,-78.2162000000,"La disertación evaluó la dieta de comunidades de Carabidae a lo largo de un gradiente altitudinal del suroeste del Antisana. Empleó trampas pitfall para capturar carábidos e invertebrados asociados, examinó contenido digestivo y comparó resultados por altitud. Identificó diez especies, dominadas por Dyscolus orthomus; la composición y abundancia variaron significativamente con la altitud y se observaron diferencias dietarias entre especies.",
Vegetation effects on soil pore structure and hydraulic properties in volcanic ash soils of the high Andes,Sebastián Páez-Bimos; Marcos Villacís; Oscar Morales; Marlon Calispa; Armando Molina; Silvia Salgado; Bert de Bievre; Pierre Delmelle; Teresa Muñoz; Veerle Vanacker,2022,Ecología de páramo,Proyectos de investigación,Finalizado,-0.4838027778,-78.2438027778,"La investigación examinó ocho perfiles de suelos de ceniza volcánica en un sitio de 0,7 km² de páramo, comparando plantas en cojín, pajonales y posiciones topográficas. Midió retención de agua, conductividad hidráulica saturada, densidad, porosidad, textura, carbono y raíces. La vegetación explicó más variación que la topografía: bajo cojines aumentaron la retención y el agua disponible, y la conductividad fue entre cuatro y doce veces mayor.",
When the Ice Has Gone: Colonisation of Equatorial Glacier Forelands by Ground Beetles (Coleoptera: Carabidae),P. Moret; Á. Barragán; E. Moreno; S. Cauvy-Fraunié; M. Gobbi,2020,Cambio climático y global,Proyectos de investigación,Finalizado,-0.4743833333,-78.1535500000,"La investigación analizó la colonización de antecampos glaciares de Antisana y Carihuairazo por carábidos a lo largo de cronosecuencias de desglaciación. Usó parcelas de distintas edades, trampas de caída y análisis de diversidad y composición. Registró 12 especies en Antisana y mostró que especies pioneras persistieron desde superficies jóvenes hasta las de más de dos siglos, en lugar de ser reemplazadas de forma ordenada; advierte que especies adaptadas al frío pueden quedar confinadas en cumbres ante el retroceso glaciar.",
